{
    "farClip_": 4000.0,
    "fovY_": 0.47999998927116394,
    "nearClip_": 0.07999999821186066
}