{
    "farClip_": 4000.0,
    "fovY_": 0.3799999952316284,
    "nearClip_": 0.07999999821186066
}