{
    "AllyAttack": {
        "fovYLerpEasingType_": 10,
        "fovYLerpTime_": 0.4000000059604645,
        "lerpRate_": 0.23999999463558197,
        "offsetTranslation_": {
            "x": 0.0,
            "y": 6.400000095367432,
            "z": -54.0
        }
    },
    "Follow": {
        "fovYLerpRate_": 0.11999999731779099,
        "inputLerpRate_": 0.1599999964237213,
        "lerpRate_": 0.23999999463558197,
        "mouseSensitivity_": {
            "x": 0.009999999776482582,
            "y": 0.009999999776482582
        },
        "offsetTranslation_": {
            "x": 5.2643444618045905e-34,
            "y": 6.400007724761963,
            "z": -53.999977111816406
        },
        "offsetXLerpRate_": 0.06400000303983688,
        "offsetYLerpRate_": 0.10000000149011612,
        "offsetZLerpRate_": 0.07999999821186066,
        "padSensitivity_": {
            "x": 0.03200000151991844,
            "y": 0.04800000041723251
        },
        "rotateClampMinusX_": -0.18000000715255737,
        "rotateClampPlusX_": 0.699999988079071,
        "rotateMinusParam_.clampThreshold": 0.14000000059604645,
        "rotateMinusParam_.offsetZNear": -32.0,
        "rotatePlusParam_.clampThreshold": 0.3199999928474426,
        "rotatePlusParam_.offsetZNear": -38.0,
        "rotateZLerpRate_": 0.03999999910593033
    },
    "Parry": {
        "easingType_": 14,
        "lerpRate_": 0.800000011920929,
        "lerpTime_": 0.14000000059604645,
        "targetFovY_": 1.0,
        "targetOffsetTranslation_": {
            "x": 8.0,
            "y": 7.599999904632568,
            "z": -16.0
        },
        "targetRotate_": {
            "x": -0.23999999463558197,
            "y": -0.03912794589996338,
            "z": -0.07999999821186066
        },
        "waitTime_": 0.6399999856948853
    },
    "Shake": {
        "shakeEasingType_": 14,
        "shakeOffsetYIntensity_": 6.400000095367432,
        "shakeTime_": 1.600000023841858,
        "shakeXZIntensity_": 0.23999999463558197
    },
    "StunAttack": {
        "lerpRate_": 0.23999999463558197,
        "offsetTranslation_": {
            "x": 0.0,
            "y": 9.0,
            "z": -54.0
        }
    },
    "SwitchAlly": {
        "lerpEasingType_": 10,
        "lerpRate_": 0.47999998927116394,
        "lerpTime_": 0.08799999952316284,
        "offsetTranslation_": {
            "x": 0.0,
            "y": 5.400000095367432,
            "z": -54.0
        },
        "targetFovY_": 0.2199999988079071
    }
}