{
    "farClip_": 2048.0,
    "fovY_": 0.4000000059604645,
    "lerpRate_": 0.20000000298023224,
    "nearClip_": 0.10000000149011612,
    "offsetTranslation_": {
        "x": 0.0,
        "y": 3.799999952316284,
        "z": -27.0
    }
}