{
    "eulerRotateClampMinusX_": -0.04800000041723251,
    "eulerRotateClampPlusX_": 0.7020000219345093,
    "eulerRotation_": {
        "x": 0.09200000017881393,
        "y": 0.7799990773200989,
        "z": 0.0
    },
    "farClip_": 2048.0,
    "fovY_": 0.3799999952316284,
    "lerpRate_": 0.20000000298023224,
    "nearClip_": 0.10000000149011612,
    "offsetTranslation_": {
        "x": 0.0,
        "y": 9.199999809265137,
        "z": -62.0
    },
    "sensitivity_": {
        "x": 0.0010000000474974513,
        "y": 0.004000000189989805
    }
}