{
    "eulerRotateClampMinusX_": -0.04800000041723251,
    "eulerRotateClampPlusX_": 0.7020000219345093,
    "eulerRotation_": {
        "x": 0.1509999930858612,
        "y": -10.924022674560547,
        "z": 0.0
    },
    "farClip_": 2048.0,
    "fovY_": 0.4000000059604645,
    "lerpRate_": 0.20000000298023224,
    "nearClip_": 0.10000000149011612,
    "offsetTranslation_": {
        "x": 0.0,
        "y": 5.900000095367432,
        "z": -51.599998474121094
    },
    "sensitivity_": {
        "x": 0.0010000000474974513,
        "y": 0.004000000189989805
    }
}