{
    "charScale_": 0.6600000262260437,
    "chidNameOffset_": 30.0,
    "folderNameSpancing_": 3.9800000190734863,
    "folderOffset_": {
        "x": 24.0,
        "y": 26.0
    },
    "folderSize_": 80.0,
    "folderSpacing_": 40.0,
    "loadOverlayOffset_": {
        "x": -120.0,
        "y": -172.0
    }
}