{
    "BehaviorType_Attack_1st": {
        "BackLeftRotation": {
            "loop_.interval": 0.0,
            "loop_.isLoop": false,
            "loop_.maxCount": 0,
            "move_.easingType": 16,
            "move_.end": {
                "x": 0.75,
                "y": -3.0899999141693115,
                "z": 0.49000000953674316
            },
            "move_.moveValue": {
                "x": 0.0,
                "y": 0.0,
                "z": 0.0
            },
            "move_.start": {
                "x": 0.0,
                "y": 0.0,
                "z": 0.0
            },
            "time_.end": 0.20000000298023224,
            "time_.movedValueInterval": 0.0,
            "time_.useScaledDeltaTime": false
        },
        "ForwardSlash": {
            "loop_.interval": 0.0,
            "loop_.isLoop": false,
            "loop_.maxCount": 0,
            "move_.easingType": 18,
            "move_.end": {
                "x": -0.11999999731779099,
                "y": 0.23000000417232513,
                "z": 0.07000000029802322
            },
            "move_.moveValue": {
                "x": 0.0,
                "y": 0.0,
                "z": 0.0
            },
            "move_.start": {
                "x": 0.75,
                "y": -3.0899999141693115,
                "z": 0.49000000953674316
            },
            "time_.end": 0.20000000298023224,
            "time_.movedValueInterval": 0.0,
            "time_.useScaledDeltaTime": false
        }
    },
    "BehaviorType_Attack_2nd": {
        "FrontLeftRotation": {
            "loop_.interval": 0.0,
            "loop_.isLoop": false,
            "loop_.maxCount": 0,
            "move_.easingType": 7,
            "move_.end": {
                "x": -0.019999999552965164,
                "y": -1.690000057220459,
                "z": 0.1599999964237213
            },
            "move_.moveValue": {
                "x": 0.0,
                "y": 0.0,
                "z": 0.0
            },
            "move_.start": {
                "x": -0.11999999731779099,
                "y": 0.23000000417232513,
                "z": 0.07000000029802322
            },
            "time_.end": 0.14000000059604645,
            "time_.movedValueInterval": 0.0,
            "time_.useScaledDeltaTime": false
        },
        "FrontRightRotation": {
            "loop_.interval": 0.0,
            "loop_.isLoop": false,
            "loop_.maxCount": 0,
            "move_.easingType": 5,
            "move_.end": {
                "x": 0.3700000047683716,
                "y": -0.25,
                "z": 0.07999999821186066
            },
            "move_.moveValue": {
                "x": 0.0,
                "y": 0.0,
                "z": 0.0
            },
            "move_.start": {
                "x": -0.020000003278255463,
                "y": -1.690000057220459,
                "z": 0.1599999964237213
            },
            "time_.end": 0.3199999928474426,
            "time_.movedValueInterval": 0.0,
            "time_.useScaledDeltaTime": false
        },
        "ReturnCenterRotation": {
            "loop_.interval": 0.0,
            "loop_.isLoop": false,
            "loop_.maxCount": 0,
            "move_.easingType": 14,
            "move_.end": {
                "x": 0.0,
                "y": -1.4199999570846558,
                "z": 0.0
            },
            "move_.moveValue": {
                "x": 0.0,
                "y": 0.0,
                "z": 0.0
            },
            "move_.start": {
                "x": 0.3700000047683716,
                "y": -0.25,
                "z": 0.07999999821186066
            },
            "time_.end": 0.1599999964237213,
            "time_.movedValueInterval": 0.0,
            "time_.useScaledDeltaTime": false
        }
    },
    "BehaviorType_Dash": {
        "RotationLerpValue": {
            "loop_.interval": 0.0,
            "loop_.isLoop": false,
            "loop_.maxCount": 0,
            "move_.easingType": 0,
            "move_.end": {
                "x": 0.0,
                "y": 0.0,
                "z": 0.0
            },
            "move_.moveValue": {
                "x": 0.0,
                "y": 0.0,
                "z": 0.0
            },
            "move_.start": {
                "x": -0.003617089707404375,
                "y": -0.0742383599281311,
                "z": 0.007893922738730907
            },
            "time_.end": 0.0,
            "time_.movedValueInterval": 0.0,
            "time_.useScaledDeltaTime": false
        }
    },
    "BehaviorType_Wait": {
        "rotationLerpRate_": 0.18000000715255737
    },
    "BehaviorType_Walk": {
        "rotationLerpRate_": 0.18000000715255737
    }
}