{
    "BehaviorType_Attack_1st": {
        "BackLeftRotation": {
            "loop_.interval": 0.0,
            "loop_.isLoop": false,
            "loop_.maxCount": 0,
            "move_.easingType": 14,
            "move_.end": {
                "x": 0.3199999928474426,
                "y": -0.7400000095367432,
                "z": 0.1599999964237213
            },
            "move_.moveValue": {
                "x": 0.0,
                "y": 0.0,
                "z": 0.0
            },
            "move_.start": {
                "x": 0.0,
                "y": 0.0,
                "z": 0.0
            },
            "time_.end": 0.20000000298023224,
            "time_.movedValueInterval": 0.0,
            "time_.useScaledDeltaTime": false
        },
        "ForwardSlash": {
            "loop_.interval": 0.0,
            "loop_.isLoop": false,
            "loop_.maxCount": 0,
            "move_.easingType": 18,
            "move_.end": {
                "x": -0.12999999523162842,
                "y": 1.850000023841858,
                "z": 0.03999999910593033
            },
            "move_.moveValue": {
                "x": 0.0,
                "y": 0.0,
                "z": 0.0
            },
            "move_.start": {
                "x": 0.3199999928474426,
                "y": -0.7400000095367432,
                "z": 0.1599999964237213
            },
            "time_.end": 0.20000000298023224,
            "time_.movedValueInterval": 0.0,
            "time_.useScaledDeltaTime": false
        }
    },
    "BehaviorType_Dash": {
        "RotationLerpValue": {
            "loop_.interval": 0.0,
            "loop_.isLoop": false,
            "loop_.maxCount": 0,
            "move_.easingType": 0,
            "move_.end": {
                "x": 0.0,
                "y": 0.0,
                "z": 0.0
            },
            "move_.moveValue": {
                "x": 0.0,
                "y": 0.0,
                "z": 0.0
            },
            "move_.start": {
                "x": -0.001940206391736865,
                "y": 0.06330982595682144,
                "z": -0.0032261654268950224
            },
            "time_.end": 0.0,
            "time_.movedValueInterval": 0.0,
            "time_.useScaledDeltaTime": false
        }
    },
    "BehaviorType_Wait": {
        "rotationLerpRate_": 0.18000000715255737
    },
    "BehaviorType_Walk": {
        "rotationLerpRate_": 0.18000000715255737
    }
}