{
    "BehaviorType_Attack_1st": {
        "RotationLerpValue": {
            "loop_.interval": 0.0,
            "loop_.isLoop": false,
            "loop_.maxCount": 0,
            "move_.easingType": 14,
            "move_.end": {
                "x": 1.7100000381469727,
                "y": 1.159999966621399,
                "z": 0.10999999940395355
            },
            "move_.moveValue": {
                "x": 0.0,
                "y": 0.0,
                "z": 0.0
            },
            "move_.start": {
                "x": 1.7000000476837158,
                "y": 0.0,
                "z": -0.23999999463558197
            },
            "time_.end": 0.5199999809265137,
            "time_.movedValueInterval": 0.0,
            "time_.useScaledDeltaTime": false
        }
    },
    "BehaviorType_Attack_3rd": {
        "MoveForward": {
            "loop_.interval": 0.0,
            "loop_.isLoop": false,
            "loop_.maxCount": 0,
            "move_.easingType": 5,
            "move_.end": {
                "x": 17.625946044921875,
                "y": 6.337708473205566,
                "z": 1.3840255737304688
            },
            "move_.moveValue": {
                "x": 0.0,
                "y": 0.0,
                "z": 0.0
            },
            "move_.start": {
                "x": 3.0,
                "y": 0.0,
                "z": 0.0
            },
            "time_.end": 0.27000001072883606,
            "time_.movedValueInterval": 0.0,
            "time_.useScaledDeltaTime": false
        },
        "ReturnHand": {
            "loop_.interval": 0.0,
            "loop_.isLoop": false,
            "loop_.maxCount": 0,
            "move_.easingType": 14,
            "move_.end": {
                "x": 3.0,
                "y": 0.0,
                "z": 0.0
            },
            "move_.moveValue": {
                "x": 0.0,
                "y": 0.0,
                "z": 0.0
            },
            "move_.start": {
                "x": 17.625946044921875,
                "y": 6.337708473205566,
                "z": 1.3840255737304688
            },
            "time_.end": 0.3199999928474426,
            "time_.movedValueInterval": 0.0,
            "time_.useScaledDeltaTime": false
        },
        "axis_": {
            "x": 0.6153767704963684,
            "y": 0.7882331013679504,
            "z": 6.3936671497183665e-24
        },
        "moveValue_": 16.0,
        "moveWaitTime_": 0.47999998927116394,
        "rotateAngle_": -0.6899999976158142
    },
    "BehaviorType_Wait": {
        "rotationLerpRate_": 0.18000000715255737
    },
    "BehaviorType_Walk": {
        "rotationLerpRate_": 0.18000000715255737
    }
}