{
    "BehaviorType_Attack_1st": {
        "RotationLerpValue": {
            "loop_.interval": 0.0,
            "loop_.isLoop": false,
            "loop_.maxCount": 0,
            "move_.easingType": 14,
            "move_.end": {
                "x": 1.2200000286102295,
                "y": 1.0099999904632568,
                "z": 0.2800000011920929
            },
            "move_.moveValue": {
                "x": 0.0,
                "y": 0.0,
                "z": 0.0
            },
            "move_.start": {
                "x": 1.7000000476837158,
                "y": 0.0,
                "z": 0.23999999463558197
            },
            "time_.end": 0.36000001430511475,
            "time_.movedValueInterval": 0.0,
            "time_.useScaledDeltaTime": false
        }
    },
    "BehaviorType_Wait": {
        "rotationLerpRate_": 0.18000000715255737
    },
    "BehaviorType_Walk": {
        "rotationLerpRate_": 0.18000000715255737
    }
}