{
    "CatmullRomKeyframes": {
        "0": {
            "x": 0.0,
            "y": 0.0,
            "z": 0.0
        },
        "1": {
            "x": 0.0,
            "y": 1.600000023841858,
            "z": 1.7000000476837158
        },
        "10": {
            "x": 0.0,
            "y": 12.600000381469727,
            "z": 16.299999237060547
        },
        "11": {
            "x": 0.0,
            "y": 11.800000190734863,
            "z": 18.899999618530273
        },
        "12": {
            "x": 0.0,
            "y": 9.600000381469727,
            "z": 21.399999618530273
        },
        "13": {
            "x": 0.0,
            "y": 7.199999809265137,
            "z": 23.299999237060547
        },
        "14": {
            "x": 0.0,
            "y": 5.099999904632568,
            "z": 25.0
        },
        "15": {
            "x": 0.0,
            "y": 3.0999999046325684,
            "z": 26.399999618530273
        },
        "16": {
            "x": 0.0,
            "y": 1.5,
            "z": 27.5
        },
        "17": {
            "x": 0.0,
            "y": 0.0,
            "z": 28.5
        },
        "2": {
            "x": 0.0,
            "y": 3.4000000953674316,
            "z": 3.299999952316284
        },
        "3": {
            "x": 0.0,
            "y": 4.800000190734863,
            "z": 4.699999809265137
        },
        "4": {
            "x": 0.0,
            "y": 6.199999809265137,
            "z": 6.300000190734863
        },
        "5": {
            "x": 0.0,
            "y": 7.599999904632568,
            "z": 7.900000095367432
        },
        "6": {
            "x": 0.0,
            "y": 9.0,
            "z": 9.800000190734863
        },
        "7": {
            "x": 0.0,
            "y": 10.5,
            "z": 11.5
        },
        "8": {
            "x": 0.0,
            "y": 11.399999618530273,
            "z": 13.0
        },
        "9": {
            "x": 0.0,
            "y": 12.199999809265137,
            "z": 14.5
        }
    }
}