{
    "ChargeAttack": {
        "circleTranslation": {
            "x": 0.0,
            "y": 5.400000095367432,
            "z": -6.0
        },
        "starTranslation": {
            "x": 0.0,
            "y": 5.400000095367432,
            "z": -8.0
        }
    },
    "LightAttack": {
        "rotation": {
            "x": 1.8300000429153442,
            "y": 1.1399999856948853,
            "z": 3.880000114440918
        },
        "translation": {
            "x": 3.200000047683716,
            "y": 3.4800000190734863,
            "z": 8.0
        }
    },
    "StrongAttack": {
        "rotation": {
            "x": -0.8500000238418579,
            "y": -1.2000000476837158,
            "z": 0.9800000190734863
        },
        "translation": {
            "x": 3.200000047683716,
            "y": 3.4800000190734863,
            "z": 8.0
        }
    }
}