{
    "LightAttack": {
        "rotation": {
            "x": 1.8300000429153442,
            "y": 1.1399999856948853,
            "z": 3.880000114440918
        },
        "translation": {
            "x": 3.200000047683716,
            "y": 3.4800000190734863,
            "z": 8.0
        }
    }
}