{
    "ChargeAttack": {
        "circleTranslation": {
            "x": 4.800000190734863,
            "y": 5.400000095367432,
            "z": -6.0
        },
        "emitTranslation": {
            "x": 0.0,
            "y": 5.400000095367432,
            "z": 4.0
        },
        "starTranslation": {
            "x": 4.800000190734863,
            "y": 5.400000095367432,
            "z": 4.0
        }
    },
    "ContinuousAttack": {
        "0": {
            "rotation": {
                "x": -0.8500000238418579,
                "y": -1.2000000476837158,
                "z": 0.9800000190734863
            },
            "scaling": 1.0,
            "slashType": "Strong",
            "translation": {
                "x": 3.200000047683716,
                "y": 3.4000000953674316,
                "z": 8.0
            }
        },
        "1": {
            "rotation": {
                "x": -0.10999999940395355,
                "y": 1.4800000190734863,
                "z": -0.6499999761581421
            },
            "scaling": 1.0,
            "slashType": "Strong",
            "translation": {
                "x": -5.400000095367432,
                "y": 0.0,
                "z": 15.640000343322754
            }
        },
        "2": {
            "rotation": {
                "x": 1.8300000429153442,
                "y": 0.7099999785423279,
                "z": 3.3499999046325684
            },
            "scaling": 0.8600000143051147,
            "slashType": "Light",
            "translation": {
                "x": -0.12999999523162842,
                "y": 4.849999904632568,
                "z": 14.100000381469727
            }
        }
    },
    "LightAttack": {
        "rotation": {
            "x": 1.8300000429153442,
            "y": 1.1399999856948853,
            "z": 3.880000114440918
        },
        "translation": {
            "x": 3.200000047683716,
            "y": 3.4800000190734863,
            "z": 8.0
        }
    },
    "Move": {
        "translation": {
            "x": 0.0,
            "y": -3.200000047683716,
            "z": 0.0
        }
    },
    "StrongAttack": {
        "rotation": {
            "x": -0.8500000238418579,
            "y": -1.2000000476837158,
            "z": 0.9800000190734863
        },
        "translation": {
            "x": 3.200000047683716,
            "y": 3.4800000190734863,
            "z": 8.0
        }
    }
}