{
    "amplitudeSpeed": 3.200000047683716,
    "hpBackground": {
        "translation": {
            "x": 1398.0,
            "y": 64.0
        }
    },
    "hpBar": {
        "translation": {
            "x": 1436.0,
            "y": 64.0
        }
    },
    "nameText": {
        "translation": {
            "x": 1814.0,
            "y": 82.0
        }
    },
    "vertexAmplitude": 0.012000000104308128
}