{
    "ChargeAttack": {
        "exitTime_": 0.05999999865889549,
        "nextAnimDuration_": 0.1599999964237213,
        "rotationLerpRate_": 14.0
    },
    "Falter": {
        "backStepSpeed_": 0.0,
        "nextAnimDuration_": 0.0,
        "rotationLerpRate_": 0.0
    },
    "Idle": {
        "backStepSpeed_": -1.600000023841858,
        "nextAnimDuration_": 0.3199999928474426,
        "rotationLerpRate_": 8.0
    },
    "LightAttack": {
        "attackOffsetTranslation_": -8.0,
        "easingType_": 4,
        "exitTime_": 0.07999999821186066,
        "nextAnimDuration_": 0.0,
        "rotationLerpRate_": 14.0
    },
    "RushAttack": {
        "attackCoolTime_": 0.8799999952316284,
        "divisionBladeMoveSpeed_": 80.0,
        "divisionOffsetAngle_": 7.199999809265137,
        "easingType_": 14,
        "emitParticleOffsetY_": 8.0,
        "fadeInTime_": 0.07999999821186066,
        "fadeOutTime_": 0.11999999731779099,
        "farRadius_": 130.0,
        "halfAngle_": 23.200000762939453,
        "lerpTime_": 0.6399999856948853,
        "nearRadius_": 20.0,
        "nextAnimDuration_": 0.03999999910593033,
        "rotationLerpRate_": 14.0,
        "singleBladeMoveSpeed_": 64.0
    },
    "StrongAttack": {
        "attack2ndAnimDuration_": 0.05999999865889549,
        "attack2ndLerpTime_": 0.03999999910593033,
        "attackOffsetTranslation_": -8.0,
        "easingType_": 4,
        "exitTime_": 0.07999999821186066,
        "nextAnimDuration_": 0.0020000000949949026,
        "parriedPlaybackSpeed_": 2.200000047683716,
        "rotationLerpRate_": 14.0,
        "stopDistance": 8.0
    },
    "Stun": {
        "maxAnimationCount_": 3,
        "nextAnimDuration_": 0.4000000059604645
    },
    "Teleport": {
        "easingType_": 14,
        "emitParticleOffsetY_": 8.0,
        "fadeInTime_": 0.07999999821186066,
        "fadeOutTime_": 0.11999999731779099,
        "farRadius_": 54.0,
        "halfAngle_": 35.900001525878906,
        "lerpTime_": 0.800000011920929,
        "nearRadius_": 40.20000076293945,
        "nextAnimDuration_": 0.03999999910593033,
        "rotationLerpRate_": 8.0
    }
}