{
    "GPUGroups": [
        {
            "blendMode": "kBlendModeAdd",
            "common": {
                "color": {
                    "a": 1.0,
                    "b": 0.8165283799171448,
                    "g": 0.3299262821674347,
                    "r": 0.10656032711267471
                },
                "count": 210,
                "lifeTime": 3.0,
                "moveSpeed": 24.459999084472656,
                "scale": {
                    "x": 0.6399999856948853,
                    "y": 0.6399999856948853,
                    "z": 0.6399999856948853
                }
            },
            "cone": {
                "baseRadius": 6.010000228881836,
                "height": 14.300000190734863,
                "topRadius": 11.430000305175781,
                "translation": {
                    "x": 45.45000076293945,
                    "y": 2.299999952316284,
                    "z": 80.0
                }
            },
            "emitterRotation": {
                "x": 0.0,
                "y": 0.0,
                "z": 0.0
            },
            "emitterShape": "Cone",
            "frequency": 0.009999999776482582,
            "name": "cone",
            "noise": {
                "scale": 8.0,
                "speed": 8.0,
                "strength": 8.0
            },
            "noiseTextureName": "noise",
            "primitive": "Plane",
            "textureName": "redCircle",
            "updateType": "Noise"
        },
        {
            "blendMode": "kBlendModeAdd",
            "box": {
                "size": {
                    "x": 4.0,
                    "y": 4.0,
                    "z": 4.0
                },
                "translation": {
                    "x": -31.649999618530273,
                    "y": 6.949999809265137,
                    "z": 128.0
                }
            },
            "common": {
                "color": {
                    "a": 1.0,
                    "b": 0.03613967448472977,
                    "g": 0.46501123905181885,
                    "r": 0.9321953058242798
                },
                "count": 160,
                "lifeTime": 3.0,
                "moveSpeed": 51.83000183105469,
                "scale": {
                    "x": 0.4000000059604645,
                    "y": 0.4000000059604645,
                    "z": 0.4000000059604645
                }
            },
            "emitterRotation": {
                "x": -0.6700000166893005,
                "y": 2.0299999713897705,
                "z": 0.0
            },
            "emitterShape": "Box",
            "frequency": 0.009999999776482582,
            "name": "box",
            "noise": {
                "scale": 5.340000152587891,
                "speed": 0.10000000149011612,
                "strength": 8.0
            },
            "noiseTextureName": "noise",
            "primitive": "Plane",
            "textureName": "redCircle",
            "updateType": "Noise"
        },
        {
            "blendMode": "kBlendModeAdd",
            "common": {
                "color": {
                    "a": 1.0,
                    "b": 0.9601148962974548,
                    "g": 0.09466352313756943,
                    "r": 0.5679832100868225
                },
                "count": 160,
                "lifeTime": 3.0,
                "moveSpeed": 51.83000183105469,
                "scale": {
                    "x": 0.4000000059604645,
                    "y": 0.4000000059604645,
                    "z": 0.4000000059604645
                }
            },
            "emitterRotation": {
                "x": 0.0,
                "y": 0.019999999552965164,
                "z": 0.0
            },
            "emitterShape": "Hemisphere",
            "frequency": 0.009999999776482582,
            "hemisphere": {
                "radius": 8.5,
                "translation": {
                    "x": 27.950000762939453,
                    "y": 1.399999976158142,
                    "z": 122.94999694824219
                }
            },
            "name": "hemisphere",
            "noise": {
                "scale": 5.340000152587891,
                "speed": 0.10000000149011612,
                "strength": 8.0
            },
            "noiseTextureName": "noise",
            "primitive": "Plane",
            "textureName": "redCircle",
            "updateType": "Noise"
        },
        {
            "blendMode": "kBlendModeAdd",
            "common": {
                "color": {
                    "a": 1.0,
                    "b": 0.06444015353918076,
                    "g": 0.5572750568389893,
                    "r": 0.006045743823051453
                },
                "count": 160,
                "lifeTime": 3.0,
                "moveSpeed": 51.83000183105469,
                "scale": {
                    "x": 0.4000000059604645,
                    "y": 0.4000000059604645,
                    "z": 0.4000000059604645
                }
            },
            "emitterRotation": {
                "x": -0.6700000166893005,
                "y": 2.0299999713897705,
                "z": 0.0
            },
            "emitterShape": "Sphere",
            "frequency": 0.009999999776482582,
            "name": "sphere",
            "noise": {
                "scale": 8.0,
                "speed": 8.0,
                "strength": 8.0
            },
            "noiseTextureName": "noise",
            "primitive": "Plane",
            "sphere": {
                "radius": 6.96999979019165,
                "translation": {
                    "x": -50.599998474121094,
                    "y": 15.899999618530273,
                    "z": 116.05000305175781
                }
            },
            "textureName": "redCircle",
            "updateType": "Noise"
        }
    ],
    "name": "particleSystem1",
    "primitiveType": "Plane"
}