{
    "CPUGroups": [
        {
            "blendMode": "kBlendModeAdd",
            "name": "particle1",
            "phases": [
                {
                    "duration": 0.0,
                    "notEmit": false,
                    "spawn": {
                        "params": {
                            "MultiSpawn": {
                                "easeingType_": "EaseInSine",
                                "target_": 0.20000000298023224
                            },
                            "SelfUpdater": {
                                "AnimTimer": {
                                    "easeingType_": "EaseInSine",
                                    "target_": 0.47999998927116394
                                },
                                "rotationEasing": "EaseInSine",
                                "scaleEasing": "EaseInQuart",
                                "startRotation": {
                                    "x": 1.5700000524520874,
                                    "y": 0.0,
                                    "z": 0.0
                                },
                                "startScale": 10.0,
                                "targetRotation": {
                                    "x": 1.5700000524520874,
                                    "y": 3.140000104904175,
                                    "z": 0.0
                                },
                                "targetScale": 0.0
                            },
                            "common": {
                                "emitCount": {
                                    "constant": 4,
                                    "randomMax": 4,
                                    "randomMin": 4,
                                    "valueType": 0
                                },
                                "lifeTime": {
                                    "constant": 0.2590000033378601,
                                    "randomMax": 0.800000011920929,
                                    "randomMin": 0.800000011920929,
                                    "valueType": 0
                                },
                                "moveSpeed": {
                                    "constant": 0.42399999499320984,
                                    "randomMax": 1.600000023841858,
                                    "randomMin": 1.600000023841858,
                                    "valueType": 0
                                },
                                "noiseTextureName": "noise",
                                "primitive": {
                                    "plane": {
                                        "mode": "XY",
                                        "pivot": {
                                            "x": 0.5,
                                            "y": 0.5
                                        },
                                        "size": {
                                            "x": 1.0,
                                            "y": 1.0
                                        }
                                    },
                                    "shape": "Plane"
                                },
                                "samplerType": 0,
                                "textureName": "starCircle",
                                "useNoiseTexture": 0
                            },
                            "emitPerVertex": {
                                "constant": 2,
                                "randomMax": 4,
                                "randomMin": 4,
                                "valueType": 0
                            },
                            "emitterRotation": {
                                "x": 1.5707963705062866,
                                "y": 0.0,
                                "z": 0.0
                            },
                            "interpolateSpacing": {
                                "constant": 0.10000000149011612,
                                "randomMax": 0.07999999821186066,
                                "randomMin": 0.07999999821186066,
                                "valueType": 0
                            },
                            "isInterpolate": true,
                            "isSelfUpdate": true,
                            "maxConcurrent": 3,
                            "notMoveEmit": true,
                            "offsetRotation": {
                                "x": 0.0,
                                "y": -2.4000000953674316,
                                "z": 0.0
                            },
                            "scale": 0.0,
                            "spawnBurstCount": 3,
                            "translation": {
                                "x": 0.0,
                                "y": 5.400000095367432,
                                "z": -6.0
                            },
                            "useMulti": true,
                            "vertexCount": 3
                        },
                        "type": "PolygonVertex"
                    },
                    "updaters": [
                        {
                            "params": null,
                            "type": "Velocity"
                        },
                        {
                            "params": {
                                "addRotation": {
                                    "x": 0.0,
                                    "y": 0.0,
                                    "z": 0.0
                                },
                                "billboardType": "All",
                                "easingType": "EaseInSine",
                                "lerpRotation": {
                                    "start": {
                                        "x": 0.0,
                                        "y": 0.0,
                                        "z": 0.0
                                    },
                                    "target": {
                                        "x": 0.0,
                                        "y": 0.0,
                                        "z": 0.0
                                    }
                                },
                                "lockAxis": {
                                    "x": 0.0,
                                    "y": 0.0,
                                    "z": 0.0
                                },
                                "lockAxisType": "None",
                                "updateType": "Lerp"
                            },
                            "type": "Rotation"
                        },
                        {
                            "params": {
                                "easingType": "EaseInCubic",
                                "loop": {
                                    "loopCount": 1,
                                    "type": "Repeat"
                                },
                                "scale": {
                                    "start": {
                                        "x": 4.400000095367432,
                                        "y": 4.400000095367432,
                                        "z": 4.400000095367432
                                    },
                                    "target": {
                                        "x": 0.0,
                                        "y": 0.0,
                                        "z": 0.0
                                    }
                                }
                            },
                            "type": "Scale"
                        },
                        {
                            "params": {
                                "color": {
                                    "start": {
                                        "a": 1.0,