{
    "GPUGroups": [
        {
            "blendMode": "kBlendModeAdd",
            "box": {
                "size": {
                    "x": 21.600000381469727,
                    "y": 3.200000047683716,
                    "z": 2.0
                },
                "translation": {
                    "x": 0.0,
                    "y": 6.400000095367432,
                    "z": -16.100000381469727
                }
            },
            "common": {
                "color": {
                    "a": 1.0,
                    "b": 0.8883216381072998,
                    "g": 0.03443876653909683,
                    "r": 0.37882545590400696
                },
                "count": 64,
                "lifeTime": 2.4000000953674316,
                "moveSpeed": 42.0,
                "scale": {
                    "x": 0.4000000059604645,
                    "y": 0.4000000059604645,
                    "z": 0.4000000059604645
                }
            },
            "emitterRotation": {
                "x": 0.0,
                "y": 3.140000104904175,
                "z": 0.0
            },
            "emitterShape": "Box",
            "frequency": 0.009999999776482582,
            "name": "move",
            "noise": {
                "scale": 8.0,
                "speed": 0.10000000149011612,
                "strength": 8.0
            },
            "noiseTextureName": "noise",
            "primitive": "Plane",
            "textureName": "redCircle",
            "updateType": "None"
        }
    ],
    "name": "bossEnemyChargeSlashParticle",
    "primitiveType": "Plane"
}