{
    "blinkingSpacing_": 1.0,
    "initColor_": {
        "a": 0.1568627506494522,
        "b": 1.0,
        "g": 1.0,
        "r": 1.0
    },
    "lerpTime_": 0.5,
    "startEmissive_": 0.865788459777832,
    "targetColor_": {
        "a": 1.0,
        "b": 0.0,
        "g": 0.5169230103492737,
        "r": 1.0
    }
}