{
    "Material0": {
        "castShadow": 1,
        "color": {
            "a": 1.0,
            "b": 0.19692307710647583,
            "g": 0.19692307710647583,
            "r": 0.19692307710647583
        },
        "emissionColor": {
            "x": 0.19692307710647583,
            "y": 0.19692307710647583,
            "z": 0.19692307710647583
        },
        "emissiveIntensity": 0.0,
        "enableBlinnPhongReflection": 1,
        "enableDithering": 0,
        "enableHalfLambert": 1,
        "enableImageBasedLighting": 0,
        "enableLighting": 1,
        "environmentCoefficient": 0.25,
        "phongRefShininess": 8.0,
        "shadowRate": 0.6399999856948853,
        "specularColor": {
            "x": 1.0,
            "y": 1.0,
            "z": 1.0
        },
        "uvRotate": {
            "x": 0.0,
            "y": 0.0,
            "z": 0.0
        },
        "uvScale": {
            "x": 1.0,
            "y": 1.0,
            "z": 1.0
        },
        "uvTranslate": {
            "x": 0.0,
            "y": 0.0,
            "z": 0.0
        }
    },
    "Material1": {
        "castShadow": 1,
        "color": {
            "a": 1.0,
            "b": 0.09218866378068924,
            "g": 0.09031952172517776,
            "r": 0.0923076868057251
        },
        "emissionColor": {
            "x": 0.0923076868057251,
            "y": 0.09031952172517776,
            "z": 0.09218866378068924
        },
        "emissiveIntensity": 0.0,
        "enableBlinnPhongReflection": 1,
        "enableDithering": 1,
        "enableHalfLambert": 1,
        "enableImageBasedLighting": 0,
        "enableLighting": 1,
        "environmentCoefficient": 0.25,
        "phongRefShininess": 8.0,
        "shadowRate": 0.6399999856948853,
        "specularColor": {
            "x": 1.0,
            "y": 1.0,
            "z": 1.0
        },
        "uvRotate": {
            "x": 0.0,
            "y": 0.0,
            "z": 0.0
        },
        "uvScale": {
            "x": 1.0,
            "y": 1.0,
            "z": 1.0
        },
        "uvTranslate": {
            "x": 0.0,
            "y": 0.0,
            "z": 0.0
        }
    }
}