{
    "initRotationAngle": {
        "x": 0.0,
        "y": 0.0,
        "z": 0.0
    },
    "offsetTranslation": {
        "x": -0.800000011920929,
        "y": 0.7200000286102295,
        "z": 0.0
    }
}