{
    "initRotationAngle": {
        "x": 0.0,
        "y": -2.200000047683716,
        "z": 0.0
    },
    "offsetTranslation": {
        "x": 0.0,
        "y": 0.4000000059604645,
        "z": 0.0
    }
}