{
    "initRotationAngle": {
        "x": 1.7000000476837158,
        "y": 0.0,
        "z": -0.23999999463558197
    },
    "offsetTranslation": {
        "x": 3.0,
        "y": 0.0,
        "z": 0.0
    }
}