{
    "Material": {
        "color": {
            "a": 1.0,
            "b": 0.7382910847663879,
            "g": 0.9262894988059998,
            "r": 0.9753845930099487
        },
        "emissionColor": {
            "x": 0.12088048458099365,
            "y": 0.818461537361145,
            "z": 0.61884605884552
        },
        "emissiveIntensity": 4.659999847412109,
        "enableBlinnPhongReflection": 0,
        "enableHalfLambert": 1,
        "enableLighting": 1,
        "phongRefShininess": 1.0,
        "shadowRate": 0.25,
        "specularColor": {
            "x": 1.0,
            "y": 1.0,
            "z": 1.0
        },
        "uvRotate": {
            "x": 0.0,
            "y": 0.0,
            "z": 0.0
        },
        "uvScale": {
            "x": 1.0,
            "y": 1.0,
            "z": 1.0
        },
        "uvTranslate": {
            "x": 0.0,
            "y": 0.0,
            "z": 0.0
        }
    }
}