{
    "offsetTranslation": {
        "x": 0.800000011920929,
        "y": 0.7200000286102295,
        "z": 0.20000000298023224
    }
}