{
    "moveDecay_": 0.10000000149011612,
    "moveVelocity_": {
        "x": 0.20000000298023224,
        "y": 0.0,
        "z": 0.20000000298023224
    },
    "rotationLerpRate_": 0.10000000149011612
}