{
    "initRotationAngle_": {
        "x": 1.7070000171661377,
        "y": 0.0,
        "z": 0.3319999873638153
    }
}