{
    "moveDecay_": 0.9399999976158142,
    "moveVelocity_": {
        "x": 0.4000000059604645,
        "y": 0.0,
        "z": 0.4000000059604645
    },
    "rotationLerpRate_": 0.10000000149011612
}