{
    "offsetTranslation": {
        "x": -1.2000000476837158,
        "y": 1.0,
        "z": 0.20000000298023224
    }
}