{
    "offsetTranslation": {
        "x": 3.0,
        "y": -0.1899999976158142,
        "z": 0.07999999821186066
    }
}