{
    "Attack_1st": {
        "rotation": {
            "x": 0.9300000071525574,
            "y": -1.059999942779541,
            "z": -0.27000001072883606
        },
        "scaling": 0.6399999856948853,
        "translation": {
            "x": 2.5999999046325684,
            "y": 1.0,
            "z": -0.75
        }
    },
    "Attack_2nd": {
        "0": {
            "rotation": {
                "x": 1.2999999523162842,
                "y": -0.75,
                "z": -0.5299999713897705
            },
            "scaling": 0.7400000095367432,
            "translation": {
                "x": 2.4000000953674316,
                "y": 1.7999999523162842,
                "z": 0.0
            }
        },
        "1": {
            "rotation": {
                "x": -0.9200000166893005,
                "y": 3.140000104904175,
                "z": -0.1599999964237213
            },
            "scaling": 0.5899999737739563,
            "translation": {
                "x": 0.0,
                "y": 1.600000023841858,
                "z": 3.4100000858306885
            }
        }
    },
    "Attack_3rd": {
        "rotation": {
            "x": 1.5700000524520874,
            "y": 0.0,
            "z": 0.0
        },
        "scaling": 0.699999988079071,
        "thirdParticleTranslation_": {
            "x": 0.0,
            "y": 0.0,
            "z": 0.0
        },
        "translation": {
            "x": 0.0,
            "y": 0.0,
            "z": 0.0
        }
    }
}