{
    "CollisionBody0": {
        "OBB": {
            "center": {
                "x": 0.0,
                "y": 3.5999999046325684,
                "z": 0.0
            },
            "eulerRotate": {
                "x": 0.0,
                "y": 0.0,
                "z": 0.0
            },
            "rotate": {
                "w": 1.0,
                "x": 0.0,
                "y": 0.0,
                "z": 0.0
            },
            "size": {
                "x": 1.600000023841858,
                "y": 3.5999999046325684,
                "z": 1.0
            }
        }
    },
    "LeftWeapon": {
        "InitTransform": {
            "rotation": {
                "w": 1.0,
                "x": 0.0,
                "y": 0.0,
                "z": 0.0
            },
            "scale": {
                "x": 1.0,
                "y": 1.0,
                "z": 1.0
            },
            "translation": {
                "x": 0.0,
                "y": 0.41999998688697815,
                "z": 0.7200000286102295
            }
        },
        "Material0": {
            "castShadow": 1,
            "color": {
                "a": 1.0,
                "b": 0.6666666865348816,
                "g": 0.9490196108818054,
                "r": 0.12156862765550613
            },
            "emissionColor": {
                "x": 0.12156862765550613,
                "y": 0.9490196108818054,
                "z": 0.6666666865348816
            },
            "emissiveIntensity": 4.0,
            "enableBlinnPhongReflection": 0,
            "enableDithering": 0,
            "enableHalfLambert": 1,
            "enableImageBasedLighting": 0,
            "enableLighting": 1,
            "environmentCoefficient": 0.25,
            "phongRefShininess": 1.0,
            "shadowRate": 1.0,
            "specularColor": {
                "x": 1.0,
                "y": 1.0,
                "z": 1.0
            },
            "uvRotate": {
                "x": 0.0,
                "y": 0.0,
                "z": 0.0
            },
            "uvScale": {
                "x": 1.0,
                "y": 1.0,
                "z": 1.0
            },
            "uvTranslate": {
                "x": 0.0,
                "y": 0.0,
                "z": 0.0
            }
        },
        "Material1": {
            "castShadow": 1,
            "color": {
                "a": 1.0,
                "b": 0.15150399506092072,
                "g": 0.18055200576782227,
                "r": 0.18055200576782227
            },
            "emissionColor": {
                "x": 0.18055200576782227,
                "y": 0.18055200576782227,
                "z": 0.15150399506092072
            },
            "emissiveIntensity": 0.0,
            "enableBlinnPhongReflection": 0,
            "enableDithering": 0,
            "enableHalfLambert": 1,
            "enableImageBasedLighting": 0,
            "enableLighting": 1,
            "environmentCoefficient": 0.25,
            "phongRefShininess": 1.0,
            "shadowRate": 1.0,
            "specularColor": {
                "x": 1.0,
                "y": 1.0,
                "z": 1.0
            },
            "uvRotate": {
                "x": 0.0,
                "y": 0.0,
                "z": 0.0
            },
            "uvScale": {
                "x": 1.0,
                "y": 1.0,
                "z": 1.0
            },
            "uvTranslate": {
                "x": 0.0,
                "y": 0.0,
                "z": 0.0
            }
        },
        "Material2": {
            "castShadow": 1,
            "color": {
                "a": 1.0,
                "b": 0.10588235408067703,
                "g": 0.10588235408067703,
                "r": 0.10588235408067703
            },
            "emissionColor": {
                "x": 0.10588235408067703,
                "y": 0.10588235408067703,
                "z": 0.10588235408067703
            },
            "emissiveIntensity": 0.0,
            "enableBlinnPhongReflection": 0,
            "enableDithering": 0,
            "enableHalfLambert": 1,
            "enableImageBasedLighting": 0,
            "enableLighting": 1,
            "environmentCoefficient": 0.25,
            "phongRefShininess": 1.0,
            "shadowRate": 1.0,
            "specularColor": {
                "x": 1.0,
                "y": 1.0,
                "z": 1.0
            },
            "uvRotate": {
                "x": 0.0,
                "y": 0.0,
                "z": 0.0
            },
            "uvScale": {
                "x": 1.0,
                "y": 1.0,
                "z": 1.0
            },
            "uvTranslate": {
                "x": 0.0,
                "y": 0.0,
                "z": 0.0
            }
        },
        "Material3": {
            "castShadow": 1,
            "color": {
                "a": 1.0,
                "b": 0.9490196108818054,
                "g": 0.8980392217636108,
                "r": 0.9215686321258545
            },
            "emissionColor": {
                "x": 0.9215686321258545,
                "y": 0.8980392217636108,
                "z": 0.9490196108818054
            },
            "emissiveIntensity": 0.0,
            "enableBlinnPhongReflection": 0,
            "enableDithering": 0,
            "enableHalfLambert": 1,
            "enableImageBasedLighting": 0,
            "enableLighting": 1,
            "environmentCoefficient": 0.25,
            "phongRefShininess": 1.0,
            "shadowRate": 1.0,
            "specularColor": {
                "x": 1.0,
                "y": 1.0,
                "z": 1.0
            },
            "uvRotate": {
                "x": 0.0,
                "y": 0.0,
                "z": 0.0
            },
            "uvScale": {
                "x": 1.0,
                "y": 1.0,
                "z": 1.0
            },
            "uvTranslate": {
                "x": 0.0,
                "y": 0.0,
                "z": 0.0
            }
        },
        "Material4": {
            "castShadow": 1,
            "color": {
                "a": 1.0,
                "b": 0.8627451062202454,
                "g": 0.8627451062202454,
                "r": 0.8627451062202454
            },
            "emissionColor": {
                "x": 0.8627451062202454,
                "y": 0.8627451062202454,
                "z": 0.8627451062202454
            },
            "emissiveIntensity": 0.0,
            "enableBlinnPhongReflection": 0,
            "enableDithering": 0,
            "enableHalfLambert": 1,
            "enableImageBasedLighting": 0,
            "enableLighting": 1,
            "environmentCoefficient": 0.25,
            "phongRefShininess": 1.0,
            "shadowRate": 1.0,
            "specularColor": {
                "x": 1.0,
                "y": 1.0,
                "z": 1.0
            },
            "uvRotate": {
                "x": 0.0,
                "y": 0.0,
                "z": 0.0
            },
            "uvScale": {
                "x": 1.0,
                "y": 1.0,
                "z": 1.0
            },
            "uvTranslate": {
                "x": 0.0,
                "y": 0.0,
                "z": 0.0
            }
        }
    },
    "Material0": {
        "castShadow": 1,
        "color": {
            "a": 1.0,
            "b": 1.0,
            "g": 1.0,
            "r": 1.0
        },
        "emissionColor": {
            "x": 1.0,
            "y": 1.0,
            "z": 1.0
        },
        "emissiveIntensity": 0.07999999821186066,
        "enableBlinnPhongReflection": 0,
        "enableDithering": 0,
        "enableHalfLambert": 1,
        "enableImageBasedLighting": 0,
        "enableLighting": 1,
        "environmentCoefficient": 0.25,
        "phongRefShininess": 1.0,
        "shadowRate": 1.0,
        "specularColor": {
            "x": 1.0,
            "y": 1.0,
            "z": 1.0
        },