{
    "Attack_1st": {
        "attackLookAtCircleRange_": 108.0,
        "attackOffsetTranslation_": 8.0,
        "attackPosEaseType_": 14,
        "attackPosLerpCircleRange_": 40.0,
        "attackPosLerpTime_": 0.4399999976158142,
        "exitTime_": 0.029999999329447746,
        "nextAnimDuration_": 0.019999999552965164,
        "rotationLerpRate_": 0.46000000834465027
    },
    "Attack_2nd": {
        "attackLookAtCircleRange_": 108.0,
        "attackOffsetTranslation_": 8.0,
        "attackPosEaseType_": 14,
        "attackPosLerpCircleRange_": 40.0,
        "attackPosLerpTime_": 0.47999998927116394,
        "exitTime_": 0.05999999865889549,
        "leftPointAngle_": 0.6399999856948853,
        "nextAnimDuration_": 0.04800000041723251,
        "rightPointAngle_": 0.9200000166893005,
        "rotationLerpRate_": 0.4000000059604645,
        "swayRate_": -0.1599999964237213
    },
    "Attack_3rd": {
        "attackLookAtCircleRange_": 108.0,
        "attackOffsetTranslation_": 8.0,
        "attackPosEaseType_": 14,
        "attackPosLerpCircleRange_": 40.0,
        "attackPosLerpTime_": 0.4399999976158142,
        "exitTime_": 0.4000000059604645,
        "nextAnimDuration_": 0.07999999821186066,
        "rotationLerpRate_": 0.46000000834465027
    },
    "Avoid": {
        "easingType_": 11,
        "lerpTime_": 0.25999999046325684,
        "moveDistance_": -32.0,
        "nextAnimDuration_": 0.019999999552965164
    },
    "Conditions": {
        "Attack_1st": {
            "allowedPreState": [],
            "chainInputTime": 0.0,
            "coolTime": 1.0,
            "interruptableBy": []
        },
        "Attack_2nd": {
            "allowedPreState": [
                5
            ],
            "chainInputTime": 0.6399999856948853,
            "coolTime": 0.0,
            "interruptableBy": []
        },
        "Attack_3rd": {
            "allowedPreState": [
                6
            ],
            "chainInputTime": 0.6399999856948853,
            "coolTime": 0.0,
            "interruptableBy": []
        },
        "Avoid": {
            "allowedPreState": [],
            "chainInputTime": 0.0,
            "coolTime": 0.3199999928474426,
            "interruptableBy": [
                1,
                2,
                5,
                6,
                7
            ]
        },
        "Dash": {
            "allowedPreState": [],
            "chainInputTime": 0.0,
            "coolTime": 0.3199999928474426,
            "interruptableBy": [
                5,
                6,
                2,
                1,
                7
            ]
        },
        "Idle": {
            "allowedPreState": [],
            "chainInputTime": 0.0,
            "coolTime": 0.0,
            "interruptableBy": []
        },
        "Parry": {
            "allowedPreState": [],
            "chainInputTime": 0.0,
            "coolTime": 0.23999999463558197,
            "interruptableBy": [
                5,
                6,
                7,
                8,
                3,
                2,
                1
            ]
        },
        "SkilAttack": {
            "allowedPreState": [],
            "chainInputTime": 0.0,
            "coolTime": 0.1599999964237213,
            "interruptableBy": []
        },
        "Walk": {
            "allowedPreState": [],
            "chainInputTime": 0.0,
            "coolTime": 0.0,
            "interruptableBy": []
        }
    },
    "Dash": {
        "accelLerp_": {
            "loop_.interval": 0.0,
            "loop_.isLoop": false,
            "loop_.maxCount": 0,
            "move_.easingType": 14,
            "move_.end": 1.600000023841858,
            "move_.moveValue": 0.0,
            "move_.start": 0.6399999856948853,
            "time_.end": 0.11999999731779099,
            "time_.movedValueInterval": 0.0,
            "time_.useScaledDeltaTime": true
        },
        "decelLerp_": {
            "loop_.interval": 0.0,
            "loop_.isLoop": false,
            "loop_.maxCount": 0,
            "move_.easingType": 1,
            "move_.end": 0.8600000143051147,
            "move_.moveValue": 0.0,
            "move_.start": 1.600000023841858,
            "time_.end": 0.23999999463558197,
            "time_.movedValueInterval": 0.0,
            "time_.useScaledDeltaTime": true
        },
        "nextAnimDuration_": 0.017999999225139618,
        "rotationLerpRate_": 0.18000000715255737
    },
    "Idle": {
        "blurEasingType_": 10,
        "blurTime_": 0.18000000715255737,
        "nextAnimDuration_": 0.20000000298023224
    },
    "Parry": {
        "nextAnimDuration_": 0.10000000149011612
    },
    "SkilAttack": {
        "approach_.easingType": 14,
        "approach_.time": 0.1599999964237213,
        "leave_.easingType": 1,
        "leave_.time": 0.1599999964237213,
        "moveDistance_": 5.099999904632568,
        "nextAnimDuration_": 0.0,
        "rotationLerpRate_": 0.3199999928474426
    },
    "StunAttack": {
        "blurEasingType_": 10,
        "blurTime_": 0.1599999964237213,
        "enemyDistance_": -48.0,
        "entryEasingType_": 16,
        "entryTime_": 0.3199999928474426,
        "nextAnimDuration_": 0.1599999964237213,
        "rushEasingType_": 14,
        "rushTime_": 0.4399999976158142,
        "targetTranslationY_": 4.0
    },
    "SwitchAlly": {
        "blurEasingType_": 10,
        "blurTime_": 0.1599999964237213,
        "deltaTimeScaleEasingType_": 0,
        "deltaTimeScaleTime_": 0.20000000298023224,
        "deltaTimeScale_": 0.23999999463558197,
        "switchAllyTime_": 3.0,
        "targetRadialBlur_.center.y": 0.800000011920929,
        "targetRadialBlur_.numSamples": 8,
        "targetRadialBlur_.width": 0.014000000432133675
    },
    "Walk": {
        "moveDecay_": 0.4399999976158142,
        "moveSpeed_": 0.4000000059604645,
        "nextAnimDuration_": 0.1599999964237213,
        "rotationLerpRate_": 0.1599999964237213
    }
}