{
    "Material0": {
        "castShadow": 0,
        "color": {
            "a": 1.0,
            "b": 0.615384578704834,
            "g": 0.5691367983818054,
            "r": 0.4298224449157715
        },
        "emissionColor": {
            "x": 0.551526665687561,
            "y": 0.5733373761177063,
            "z": 0.5876923203468323
        },
        "emissiveIntensity": -0.019999999552965164,
        "enableBlinnPhongReflection": 0,
        "enableHalfLambert": 1,
        "enableImageBasedLighting": 1,
        "enableLighting": 1,
        "environmentCoefficient": 0.23999999463558197,
        "phongRefShininess": 1.0,
        "shadowRate": 0.5400000214576721,
        "specularColor": {
            "x": 1.0,
            "y": 1.0,
            "z": 1.0
        },
        "uvRotate": {
            "x": 0.0,
            "y": 0.0,
            "z": 0.0
        },
        "uvScale": {
            "x": 4.0,
            "y": 4.0,
            "z": 1.0
        },
        "uvTranslate": {
            "x": 0.0,
            "y": 0.0,
            "z": 0.0
        }
    }
}