{
    "Attack_1st": {
        "limit": 0.6399999856948853
    },
    "Attack_2nd": {
        "limit": 0.6399999856948853
    },
    "Attack_3rd": {
        "limit": 2.0
    }
}