{
    "AnimationTimer": {
        "easeingType_": "EaseInQuad",
        "target_": 4.0
    },
    "eulerRotateX": 0.4399999976158142,
    "farClip_": 3200.0,
    "fovY_": 0.6000000238418579,
    "rotateSpeed_": 0.11999999731779099,
    "startPos_": {
        "x": 0.0,
        "y": 32.0,
        "z": -128.0
    },
    "targetPos_": {
        "x": 0.0,
        "y": 16.0,
        "z": -32.0
    },
    "viewOffset_": 90.0,
    "viewPoint_": {
        "x": 0.0,
        "y": 0.0,
        "z": 0.0
    }
}