{
    "AnimationTimer": {
        "easeingType_": "EaseInQuad",
        "target_": 3.200000047683716
    },
    "eulerRotateX": 0.3199999928474426,
    "farClip_": 3200.0,
    "fovY_": 0.6000000238418579,
    "rotateSpeed_": 0.11999999731779099,
    "startPos_": {
        "x": 0.0,
        "y": 8.0,
        "z": -320.0
    },
    "targetPos_": {
        "x": 0.0,
        "y": 8.0,
        "z": -32.0
    },
    "viewOffset_": 512.0,
    "viewPoint_": {
        "x": 0.0,
        "y": 0.0,
        "z": 0.0
    }
}